id,name,model_id:id,group_id:id,perm_read,perm_write,perm_create,perm_unlink
access_medical_visit,access.medical.visit,model_medical_visit,,1,1,1,1
access_medical_patient,access.medical.patient,model_medical_patient,,1,1,1,1
access_medical_doctor,access.medical.doctor,model_medical_doctor,,1,1,1,1
access_medical_department,access.medical.department,model_medical_department,,1,1,1,1
access_medical_doctor_schedule,access.medical.doctor.schedule,model_medical_doctor_schedule,,1,1,1,1
access_medical_prescription,access.medical.prescription,model_medical_prescription,,1,1,1,1
access_medical_operation_line,access.medical.operation.line,model_medical_operation_line,,1,1,1,1
access_medical_visit_product_line,access.medical.visit.product.line,model_medical_visit_product_line,,1,1,1,1
access_advance_payment_wizard,access.advance.payment.wizard,model_advance_payment_wizard,,1,1,1,1
